기준년월,행정동코드,행정동명,연령별,월별 일평균 주거인구수 평균,월별 일평균 직장인구수 평균,월별 일평균 방문인구수 평균
2025-12,2611051000,중구 중앙동,20대,"14,009","18,455","25,012"
2025-12,2611051000,중구 중앙동,20대미만,"6,197","1,082","9,234"
2025-12,2611051000,중구 중앙동,30대,"12,208","27,354","30,178"
2025-12,2611051000,중구 중앙동,40대,"16,422","24,410","29,296"
2025-12,2611051000,중구 중앙동,50대,"18,327","25,225","32,483"
2025-12,2611051000,중구 중앙동,60대,"21,245","11,469","26,324"
2025-12,2611052000,중구 동광동,20대,"2,762","1,326","4,457"
2025-12,2611052000,중구 동광동,20대미만,"1,355",198,"1,258"
2025-12,2611052000,중구 동광동,30대,"2,984","2,624","4,606"
2025-12,2611052000,중구 동광동,40대,"4,064","3,303","5,160"
2025-12,2611052000,중구 동광동,50대,"5,188","3,143","5,542"
2025-12,2611052000,중구 동광동,60대,"9,134","1,515","5,469"
2025-12,2611052000,중구 동광동,기타,"14,776",631,"4,617"
2025-12,2611053000,중구 대청동,20대,"10,391","4,304","6,985"
2025-12,2611053000,중구 대청동,20대미만,"5,405","1,248","3,215"
2025-12,2611053000,중구 대청동,30대,"8,704","4,865","6,935"
2025-12,2611053000,중구 대청동,40대,"10,832","5,111","6,832"
2025-12,2611053000,중구 대청동,50대,"14,721","5,206","8,440"
2025-12,2611053000,중구 대청동,60대,"20,868","3,187","8,532"
2025-12,2611053000,중구 대청동,기타,"27,254","1,523","7,753"
2025-12,2611054500,중구 보수동,20대,"22,241","2,194","5,191"
2025-12,2611054500,중구 보수동,20대미만,"7,081","1,281","2,312"
2025-12,2611054500,중구 보수동,30대,"12,720","1,703","3,398"
2025-12,2611054500,중구 보수동,40대,"12,228","2,318","4,286"
2025-12,2611054500,중구 보수동,50대,"27,561","3,935","5,802"
2025-12,2611054500,중구 보수동,60대,"26,180","2,960","6,915"
2025-12,2611054500,중구 보수동,기타,"27,024",838,"6,675"
2025-12,2611056000,중구 부평동,20대,"7,458","2,460","20,147"
2025-12,2611056000,중구 부평동,20대미만,"3,373",187,"5,344"
2025-12,2611056000,중구 부평동,30대,"6,235","4,976","18,384"
2025-12,2611056000,중구 부평동,40대,"7,165","4,969","18,701"
2025-12,2611056000,중구 부평동,50대,"11,724","6,579","25,240"
2025-12,2611056000,중구 부평동,60대,"15,503","5,279","26,910"
2025-12,2611056000,중구 부평동,기타,"20,825","2,432","19,814"
2025-12,2611057000,중구 광복동,20대,597,"1,662","5,917"
2025-12,2611057000,중구 광복동,20대미만,564,525,"3,725"
2025-12,2611057000,중구 광복동,30대,808,"1,668","5,361"
2025-12,2611057000,중구 광복동,40대,"1,365","2,241","6,063"
2025-12,2611057000,중구 광복동,50대,"2,138","3,093","6,391"
2025-12,2611057000,중구 광복동,60대,"3,215","4,011","6,834"
2025-12,2611057000,중구 광복동,기타,"4,250","2,256","4,946"
2025-12,2611058000,중구 남포동,20대,"2,088","5,048","20,930"
2025-12,2611058000,중구 남포동,20대미만,"1,154",249,"11,652"
2025-12,2611058000,중구 남포동,30대,"3,574","7,018","20,707"
2025-12,2611058000,중구 남포동,40대,"4,224","7,423","22,768"
2025-12,2611058000,중구 남포동,50대,"8,039","9,710","32,188"
2025-12,2611058000,중구 남포동,60대,"8,232","11,490","41,056"
2025-12,2611058000,중구 남포동,기타,"6,488","6,323","34,042"
2025-12,2611059000,중구 영주1동,20대,"1,474",460,"1,501"
2025-12,2611059000,중구 영주1동,20대미만,602,1,264
2025-12,2611059000,중구 영주1동,30대,"1,517",567,"1,287"
2025-12,2611059000,중구 영주1동,40대,"1,297",398,"1,122"
2025-12,2611059000,중구 영주1동,50대,"1,632",448,"1,606"
2025-12,2611059000,중구 영주1동,60대,"2,635",441,"1,558"
2025-12,2611059000,중구 영주1동,기타,"3,035",230,"1,383"
2025-12,2611060000,중구 영주2동,20대,"7,584",881,"2,850"
2025-12,2611060000,중구 영주2동,20대미만,"6,207",721,"2,059"
2025-12,2611060000,중구 영주2동,30대,"7,591",919,"3,000"
2025-12,2611060000,중구 영주2동,40대,"11,011","1,181","3,385"
2025-12,2611060000,중구 영주2동,50대,"18,671","2,098","4,508"
2025-12,2611060000,중구 영주2동,60대,"24,467","1,457","6,224"
2025-12,2611060000,중구 영주2동,기타,"37,650",502,"6,975"
2025-12,2614051000,서구 동대신1동,20대,"7,218",721,"3,584"
2025-12,2614051000,서구 동대신1동,20대미만,"5,583",696,"3,148"
2025-12,2614051000,서구 동대신1동,30대,"8,308",764,"3,336"
2025-12,2614051000,서구 동대신1동,40대,"9,076","1,265","4,147"
2025-12,2614051000,서구 동대신1동,50대,"12,386","1,220","5,330"
2025-12,2614051000,서구 동대신1동,60대,"14,208","1,582","5,322"
2025-12,2614051000,서구 동대신1동,기타,"20,396",468,"5,663"
2025-12,2614052000,서구 동대신2동,20대,"4,426",495,"1,275"
2025-12,2614052000,서구 동대신2동,20대미만,"3,651","1,951","1,881"
2025-12,2614052000,서구 동대신2동,30대,"3,802",585,"1,330"
2025-12,2614052000,서구 동대신2동,40대,"9,507",881,"1,975"
2025-12,2614052000,서구 동대신2동,50대,"11,195","1,474","2,730"
2025-12,2614052000,서구 동대신2동,60대,"19,610",985,"2,969"
2025-12,2614052000,서구 동대신2동,기타,"22,307",378,"2,693"
2025-12,2614053000,서구 동대신3동,20대,"15,008","7,817","12,338"
2025-12,2614053000,서구 동대신3동,20대미만,"11,007","3,514","8,581"
2025-12,2614053000,서구 동대신3동,30대,"10,325","5,900","10,161"
2025-12,2614053000,서구 동대신3동,40대,"13,328","5,610","12,855"
2025-12,2614053000,서구 동대신3동,50대,"18,103","6,198","16,081"
2025-12,2614053000,서구 동대신3동,60대,"20,624","3,702","19,134"
2025-12,2614053000,서구 동대신3동,기타,"29,450","1,264","17,997"
2025-12,2614054000,서구 서대신1동,20대,"21,823","3,318","7,322"
2025-12,2614054000,서구 서대신1동,20대미만,"27,241",664,"5,222"
2025-12,2614054000,서구 서대신1동,30대,"28,632","4,035","6,683"
2025-12,2614054000,서구 서대신1동,40대,"38,408","4,990","8,877"
2025-12,2614054000,서구 서대신1동,50대,"36,769","5,346","11,628"
2025-12,2614054000,서구 서대신1동,60대,"39,000","3,606","12,630"
2025-12,2614054000,서구 서대신1동,기타,"51,897","1,352","9,942"
2025-12,2614056000,서구 서대신3동,20대,"4,434","1,133","2,553"
2025-12,2614056000,서구 서대신3동,20대미만,"9,487","3,191","3,407"
2025-12,2614056000,서구 서대신3동,30대,"6,477","1,688","3,037"
2025-12,2614056000,서구 서대신3동,40대,"9,379","2,154","4,317"
2025-12,2614056000,서구 서대신3동,50대,"10,647","1,749","5,705"
2025-12,2614056000,서구 서대신3동,60대,"11,192","1,171","6,540"
2025-12,2614056000,서구 서대신3동,기타,"14,733",346,"4,728"
2025-12,2614057000,서구 서대신4동,20대,"9,469","1,506","4,650"
2025-12,2614057000,서구 서대신4동,20대미만,"13,179","1,675","2,955"
2025-12,2614057000,서구 서대신4동,30대,"8,838","1,202","3,240"
2025-12,2614057000,서구 서대신4동,40대,"16,416","1,710","4,474"
2025-12,2614057000,서구 서대신4동,50대,"18,368","1,819","6,225"
2025-12,2614057000,서구 서대신4동,60대,"22,129","1,654","7,686"
2025-12,2614057000,서구 서대신4동,기타,"24,253",603,"6,495"
2025-12,2614059000,서구 부민동,20대,"10,854","4,603","6,449"
2025-12,2614059000,서구 부민동,20대미만,"8,593","1,322","3,321"
2025-12,2614059000,서구 부민동,30대,"7,544","1,360","2,976"
2025-12,2614059000,서구 부민동,40대,"10,630","1,580","2,803"
2025-12,2614059000,서구 부민동,50대,"11,537","1,862","4,456"
2025-12,2614059000,서구 부민동,60대,"13,661",927,"4,152"
2025-12,2614059000,서구 부민동,기타,"16,866",431,"3,025"
2025-12,2614061500,서구 아미동,20대,"9,654","1,360","5,716"
2025-12,2614061500,서구 아미동,20대미만,"3,667",40,"1,125"
2025-12,2614061500,서구 아미동,30대,"11,512","2,110","6,398"
2025-12,2614061500,서구 아미동,40대,"8,746","2,477","5,476"
2025-12,2614061500,서구 아미동,50대,"13,140","2,232","7,501"
2025-12,2614061500,서구 아미동,60대,"22,376","1,921","8,518"
2025-12,2614061500,서구 아미동,기타,"38,684",786,"9,211"
2025-12,2614063000,서구 초장동,20대,"3,639",575,"2,647"
2025-12,2614063000,서구 초장동,20대미만,"2,128","1,024","1,375"
2025-12,2614063000,서구 초장동,30대,"3,846",254,"1,244"
2025-12,2614063000,서구 초장동,40대,"5,823",748,"1,725"
2025-12,2614063000,서구 초장동,50대,"9,329",827,"3,036"
2025-12,2614063000,서구 초장동,60대,"14,489",848,"3,471"
2025-12,2614063000,서구 초장동,기타,"24,673",439,"3,207"
2025-12,2614064000,서구 충무동,20대,"13,752","1,612","3,619"
2025-12,2614064000,서구 충무동,20대미만,"6,251","2,190","2,221"
2025-12,2614064000,서구 충무동,30대,"9,184","3,221","3,522"
2025-12,2614064000,서구 충무동,40대,"12,486","3,532","4,448"
2025-12,2614064000,서구 충무동,50대,"15,773","4,258","8,008"
2025-12,2614064000,서구 충무동,60대,"19,079","3,041","9,152"
2025-12,2614064000,서구 충무동,기타,"28,892","1,246","7,517"
2025-12,2614065000,서구 남부민1동,20대,"2,587",283,"1,192"
2025-12,2614065000,서구 남부민1동,20대미만,"1,600",30,471
2025-12,2614065000,서구 남부민1동,30대,"3,247",496,"1,002"
2025-12,2614065000,서구 남부민1동,40대,"3,522",652,"1,777"
2025-12,2614065000,서구 남부민1동,50대,"8,534","1,293","2,355"
2025-12,2614065000,서구 남부민1동,60대,"8,855",623,"3,807"
2025-12,2614065000,서구 남부민1동,기타,"12,931",405,"3,327"
2025-12,2614066000,서구 남부민2동,20대,"7,596","1,424","3,257"
2025-12,2614066000,서구 남부민2동,20대미만,"7,190",690,"2,327"
2025-12,2614066000,서구 남부민2동,30대,"9,187","1,543","5,548"
2025-12,2614066000,서구 남부민2동,40대,"12,213","1,579","6,474"
2025-12,2614066000,서구 남부민2동,50대,"20,991","2,746","8,533"
2025-12,2614066000,서구 남부민2동,60대,"30,804","2,071","11,059"
2025-12,2614066000,서구 남부민2동,기타,"38,901",733,"9,027"
2025-12,2614068000,서구 암남동,20대,"27,783","9,831","16,904"
2025-12,2614068000,서구 암남동,20대미만,"18,574",993,"6,195"
2025-12,2614068000,서구 암남동,30대,"29,499","11,813","17,888"
2025-12,2614068000,서구 암남동,40대,"37,891","12,543","22,087"
2025-12,2614068000,서구 암남동,50대,"48,509","13,722","28,507"
2025-12,2614068000,서구 암남동,60대,"63,207","7,874","28,535"
2025-12,2614068000,서구 암남동,기타,"61,065","1,718","20,951"
2025-12,2617051000,동구 초량1동,20대,"3,771","3,455","10,720"
2025-12,2617051000,동구 초량1동,20대미만,"2,326",392,"2,912"
2025-12,2617051000,동구 초량1동,30대,"4,404","5,512","10,124"
2025-12,2617051000,동구 초량1동,40대,"5,108","5,240","9,095"
2025-12,2617051000,동구 초량1동,50대,"8,438","4,261","10,370"
2025-12,2617051000,동구 초량1동,60대,"11,560","2,231","9,815"
2025-12,2617051000,동구 초량1동,기타,"12,426",913,"7,198"
2025-12,2617052000,동구 초량2동,20대,"5,773","2,415","12,900"
2025-12,2617052000,동구 초량2동,20대미만,"4,218","2,648","5,724"
2025-12,2617052000,동구 초량2동,30대,"5,246","3,473","12,713"
2025-12,2617052000,동구 초량2동,40대,"8,163","3,294","11,865"
2025-12,2617052000,동구 초량2동,50대,"13,639","3,672","14,312"
2025-12,2617052000,동구 초량2동,60대,"18,262","3,975","13,724"
2025-12,2617052000,동구 초량2동,기타,"29,186","1,141","10,154"
2025-12,2617053000,동구 초량3동,20대,"23,305","10,561","35,181"
2025-12,2617053000,동구 초량3동,20대미만,"17,328","2,465","12,075"
2025-12,2617053000,동구 초량3동,30대,"36,315","16,331","38,168"
2025-12,2617053000,동구 초량3동,40대,"35,128","13,900","37,119"
2025-12,2617053000,동구 초량3동,50대,"30,122","13,923","45,079"
2025-12,2617053000,동구 초량3동,60대,"25,694","6,942","36,732"
2025-12,2617053000,동구 초량3동,기타,"26,357","2,875","21,596"
2025-12,2617055000,동구 초량6동,20대,"2,033",246,"1,222"
2025-12,2617055000,동구 초량6동,20대미만,"1,744",843,"1,356"
2025-12,2617055000,동구 초량6동,30대,"1,664",185,"1,309"
2025-12,2617055000,동구 초량6동,40대,"2,424",365,"1,408"
2025-12,2617055000,동구 초량6동,50대,"3,979",502,"1,812"
2025-12,2617055000,동구 초량6동,60대,"5,202",214,"1,649"
2025-12,2617055000,동구 초량6동,기타,"6,856",51,"1,010"
2025-12,2617056000,동구 수정1동,20대,"5,957","1,755","3,809"
2025-12,2617056000,동구 수정1동,20대미만,"6,003",614,"2,466"
2025-12,2617056000,동구 수정1동,30대,"5,503","1,956","3,943"
2025-12,2617056000,동구 수정1동,40대,"8,115","1,773","4,046"
2025-12,2617056000,동구 수정1동,50대,"10,889","1,861","4,920"
2025-12,2617056000,동구 수정1동,60대,"12,422","1,111","5,215"
2025-12,2617056000,동구 수정1동,기타,"19,590",395,"4,842"
2025-12,2617057000,동구 수정2동,20대,"8,323","1,558","3,505"
2025-12,2617057000,동구 수정2동,20대미만,"7,740","1,678","2,673"
2025-12,2617057000,동구 수정2동,30대,"13,610","2,983","4,973"
2025-12,2617057000,동구 수정2동,40대,"15,000","3,656","5,832"
2025-12,2617057000,동구 수정2동,50대,"16,890","4,125","8,366"
2025-12,2617057000,동구 수정2동,60대,"27,090","2,653","6,741"
2025-12,2617057000,동구 수정2동,기타,"34,785",736,"6,709"
2025-12,2617059000,동구 수정4동,20대,"3,036",371,667
2025-12,2617059000,동구 수정4동,20대미만,"1,902",3,481
2025-12,2617059000,동구 수정4동,30대,"2,678",180,652
2025-12,2617059000,동구 수정4동,40대,"3,795",256,701
2025-12,2617059000,동구 수정4동,50대,"9,306",548,"1,623"
2025-12,2617059000,동구 수정4동,60대,"12,861",484,"1,765"
2025-12,2617059000,동구 수정4동,기타,"20,139",242,"1,875"
2025-12,2617060000,동구 수정5동,20대,"5,486",304,999
2025-12,2617060000,동구 수정5동,20대미만,"5,304",526,899
2025-12,2617060000,동구 수정5동,30대,"4,792",642,"1,193"
2025-12,2617060000,동구 수정5동,40대,"8,273",828,"1,340"
2025-12,2617060000,동구 수정5동,50대,"13,273","1,268","2,127"
2025-12,2617060000,동구 수정5동,60대,"18,567",774,"2,793"
2025-12,2617060000,동구 수정5동,기타,"31,726",126,"2,356"
2025-12,2617064500,동구 좌천동,20대,"5,113",640,"4,321"
2025-12,2617064500,동구 좌천동,20대미만,"2,016",842,"3,287"
2025-12,2617064500,동구 좌천동,30대,"5,286",873,"5,868"
2025-12,2617064500,동구 좌천동,40대,"5,008","1,236","5,808"
2025-12,2617064500,동구 좌천동,50대,"9,784","1,781","8,333"
2025-12,2617064500,동구 좌천동,60대,"13,301","1,333","9,003"
2025-12,2617064500,동구 좌천동,기타,"17,608",586,"10,224"
2025-12,2617065000,동구 범일1동,20대,"12,315","1,620","4,484"
2025-12,2617065000,동구 범일1동,20대미만,"6,944",659,"1,938"
2025-12,2617065000,동구 범일1동,30대,"14,549","1,826","5,484"
2025-12,2617065000,동구 범일1동,40대,"16,869","2,597","5,121"
2025-12,2617065000,동구 범일1동,50대,"25,270","3,948","6,649"
2025-12,2617065000,동구 범일1동,60대,"41,941","3,488","7,870"
2025-12,2617065000,동구 범일1동,기타,"53,668","1,034","6,765"
2025-12,2617066000,동구 범일2동,20대,"11,324","9,007","13,045"
2025-12,2617066000,동구 범일2동,20대미만,"7,687",805,"4,545"
2025-12,2617066000,동구 범일2동,30대,"14,244","16,355","18,621"
2025-12,2617066000,동구 범일2동,40대,"14,168","20,306","19,984"
2025-12,2617066000,동구 범일2동,50대,"18,684","23,012","26,927"
2025-12,2617066000,동구 범일2동,60대,"20,653","15,304","31,235"
2025-12,2617066000,동구 범일2동,기타,"20,856","5,446","19,371"
2025-12,2617068000,동구 범일5동,20대,"11,182","2,286","8,663"
2025-12,2617068000,동구 범일5동,20대미만,"11,218",694,"3,032"
2025-12,2617068000,동구 범일5동,30대,"31,272","3,405","10,638"
2025-12,2617068000,동구 범일5동,40대,"23,572","4,583","10,562"
2025-12,2617068000,동구 범일5동,50대,"19,917","5,191","13,599"
2025-12,2617068000,동구 범일5동,60대,"16,983","4,343","14,524"
2025-12,2617068000,동구 범일5동,기타,"18,657","2,981","13,101"
2025-12,2620053000,영도구 남항동,20대,"13,281","4,503","12,261"
2025-12,2620053000,영도구 남항동,20대미만,"10,276",528,"6,502"
2025-12,2620053000,영도구 남항동,30대,"14,236","5,861","13,741"
2025-12,2620053000,영도구 남항동,40대,"19,005","8,134","16,874"
2025-12,2620053000,영도구 남항동,50대,"30,068","11,171","22,559"
2025-12,2620053000,영도구 남항동,60대,"41,144","9,201","25,819"
2025-12,2620053000,영도구 남항동,기타,"57,095","2,719","20,166"
2025-12,2620054000,영도구 영선1동,20대,"1,046",251,594
2025-12,2620054000,영도구 영선1동,20대미만,"1,166",10,539
2025-12,2620054000,영도구 영선1동,30대,925,304,832
2025-12,2620054000,영도구 영선1동,40대,"1,988",581,"1,180"
2025-12,2620054000,영도구 영선1동,50대,"2,861","1,062","2,698"
2025-12,2620054000,영도구 영선1동,60대,"4,967",998,"3,209"
2025-12,2620054000,영도구 영선1동,기타,"5,680",419,"2,496"
2025-12,2620055000,영도구 영선2동,20대,"7,685","1,239","3,643"
2025-12,2620055000,영도구 영선2동,20대미만,"7,461","1,999","2,840"
2025-12,2620055000,영도구 영선2동,30대,"9,471",961,"3,010"
2025-12,2620055000,영도구 영선2동,40대,"12,329","1,650","3,537"
2025-12,2620055000,영도구 영선2동,50대,"19,067","2,114","5,397"
2025-12,2620055000,영도구 영선2동,60대,"29,252","1,562","5,443"
2025-12,2620055000,영도구 영선2동,기타,"39,945",628,"6,253"
2025-12,2620058500,영도구 신선동,20대,"5,475",632,"1,384"
2025-12,2620058500,영도구 신선동,20대미만,"3,840","3,182","2,217"
2025-12,2620058500,영도구 신선동,30대,"6,239",810,"1,608"
2025-12,2620058500,영도구 신선동,40대,"11,244","1,435","2,424"
2025-12,2620058500,영도구 신선동,50대,"17,916","1,848","3,839"
2025-12,2620058500,영도구 신선동,60대,"28,044","1,402","5,033"
2025-12,2620058500,영도구 신선동,기타,"43,305",322,"3,767"
2025-12,2620059000,영도구 봉래1동,20대,"7,333",957,"4,050"
2025-12,2620059000,영도구 봉래1동,20대미만,"7,618",41,"2,120"
2025-12,2620059000,영도구 봉래1동,30대,"10,009","1,353","5,147"
2025-12,2620059000,영도구 봉래1동,40대,"10,452","2,050","6,234"
2025-12,2620059000,영도구 봉래1동,50대,"13,539","2,994","8,101"
2025-12,2620059000,영도구 봉래1동,60대,"18,274","3,173","8,471"
2025-12,2620059000,영도구 봉래1동,기타,"28,565","1,195","6,767"
2025-12,2620060500,영도구 봉래2동,20대,"7,563","1,014","2,684"
2025-12,2620060500,영도구 봉래2동,20대미만,"5,639",743,"2,354"
2025-12,2620060500,영도구 봉래2동,30대,"9,515","1,382","3,056"
2025-12,2620060500,영도구 봉래2동,40대,"12,362","3,007","3,983"
2025-12,2620060500,영도구 봉래2동,50대,"18,045","2,939","5,616"
2025-12,2620060500,영도구 봉래2동,60대,"22,348","2,069","6,373"
2025-12,2620060500,영도구 봉래2동,기타,"35,212",830,"4,794"
2025-12,2620063000,영도구 청학1동,20대,"4,255","1,209","2,154"
2025-12,2620063000,영도구 청학1동,20대미만,"5,866",476,"1,347"
2025-12,2620063000,영도구 청학1동,30대,"7,259","1,214","2,727"
2025-12,2620063000,영도구 청학1동,40대,"10,463","3,973","4,330"
2025-12,2620063000,영도구 청학1동,50대,"14,260","4,509","5,923"
2025-12,2620063000,영도구 청학1동,60대,"18,155","2,659","5,706"
2025-12,2620063000,영도구 청학1동,기타,"28,465",808,"5,132"
2025-12,2620064000,영도구 청학2동,20대,"14,277","2,487","5,611"
2025-12,2620064000,영도구 청학2동,20대미만,"16,797",409,"3,579"
2025-12,2620064000,영도구 청학2동,30대,"22,297","4,313","6,493"
2025-12,2620064000,영도구 청학2동,40대,"29,869","5,826","8,180"
2025-12,2620064000,영도구 청학2동,50대,"46,123","7,358","9,912"
2025-12,2620064000,영도구 청학2동,60대,"53,013","4,946","11,891"
2025-12,2620064000,영도구 청학2동,기타,"67,195","1,483","8,322"
2025-12,2620065000,영도구 동삼1동,20대,"40,219","7,770","9,869"
2025-12,2620065000,영도구 동삼1동,20대미만,"46,541","4,935","6,290"
2025-12,2620065000,영도구 동삼1동,30대,"40,053","9,425","10,274"
2025-12,2620065000,영도구 동삼1동,40대,"57,071","11,085","12,548"
2025-12,2620065000,영도구 동삼1동,50대,"80,108","12,728","16,125"
2025-12,2620065000,영도구 동삼1동,60대,"102,028","7,250","15,873"
2025-12,2620065000,영도구 동삼1동,기타,"124,148","1,450","11,411"
2025-12,2620066000,영도구 동삼2동,20대,"22,043","7,819","12,469"
2025-12,2620066000,영도구 동삼2동,20대미만,"12,169","1,311","9,055"
2025-12,2620066000,영도구 동삼2동,30대,"6,363","2,543","10,053"
2025-12,2620066000,영도구 동삼2동,40대,"11,003","3,497","12,958"
2025-12,2620066000,영도구 동삼2동,50대,"11,995","3,799","15,127"
2025-12,2620066000,영도구 동삼2동,60대,"13,633","1,559","15,009"
2025-12,2620066000,영도구 동삼2동,기타,"18,031",370,"9,066"
2025-12,2620067000,영도구 동삼3동,20대,"7,697","1,299","3,977"
2025-12,2620067000,영도구 동삼3동,20대미만,"7,696","1,556","3,337"
2025-12,2620067000,영도구 동삼3동,30대,"9,224","1,583","4,441"
2025-12,2620067000,영도구 동삼3동,40대,"13,942","2,473","5,488"
2025-12,2620067000,영도구 동삼3동,50대,"22,031","3,053","7,506"
2025-12,2620067000,영도구 동삼3동,60대,"36,901","2,431","7,889"
2025-12,2620067000,영도구 동삼3동,기타,"48,014",817,"6,070"
2025-12,2623051000,부산진구 부전1동,20대,"51,094","16,738","40,292"
2025-12,2623051000,부산진구 부전1동,20대미만,"9,251","1,169","9,612"
2025-12,2623051000,부산진구 부전1동,30대,"44,788","19,757","34,087"
2025-12,2623051000,부산진구 부전1동,40대,"25,169","17,626","28,147"
2025-12,2623051000,부산진구 부전1동,50대,"30,430","19,730","41,063"
2025-12,2623051000,부산진구 부전1동,60대,"33,273","16,395","55,007"
2025-12,2623051000,부산진구 부전1동,기타,"31,550","9,830","55,072"
2025-12,2623052000,부산진구 부전2동,20대,"41,294","38,384","139,856"
2025-12,2623052000,부산진구 부전2동,20대미만,"8,775","2,783","44,212"
2025-12,2623052000,부산진구 부전2동,30대,"44,825","32,448","85,105"
2025-12,2623052000,부산진구 부전2동,40대,"28,898","23,022","57,738"
2025-12,2623052000,부산진구 부전2동,50대,"26,658","21,314","51,202"
2025-12,2623052000,부산진구 부전2동,60대,"24,798","12,005","40,523"
2025-12,2623052000,부산진구 부전2동,기타,"19,985","3,968","25,826"
2025-12,2623054000,부산진구 연지동,20대,"13,299","1,667","4,177"
2025-12,2623054000,부산진구 연지동,20대미만,"14,880",915,"3,979"
2025-12,2623054000,부산진구 연지동,30대,"19,334","2,066","5,611"
2025-12,2623054000,부산진구 연지동,40대,"26,741","3,508","5,636"
2025-12,2623054000,부산진구 연지동,50대,"31,536","3,468","7,267"
2025-12,2623054000,부산진구 연지동,60대,"35,902","2,496","8,346"
2025-12,2623054000,부산진구 연지동,기타,"52,986",995,"6,214"
2025-12,2623055000,부산진구 초읍동,20대,"27,756","4,375","9,275"
2025-12,2623055000,부산진구 초읍동,20대미만,"41,772","2,688","7,124"
2025-12,2623055000,부산진구 초읍동,30대,"39,524","5,277","13,273"
2025-12,2623055000,부산진구 초읍동,40대,"48,586","6,998","14,888"
2025-12,2623055000,부산진구 초읍동,50대,"61,814","9,350","17,633"
2025-12,2623055000,부산진구 초읍동,60대,"75,231","6,277","20,048"
2025-12,2623055000,부산진구 초읍동,기타,"107,782","1,840","14,134"
2025-12,2623056000,부산진구 양정1동,20대,"34,686","12,407","18,409"
2025-12,2623056000,부산진구 양정1동,20대미만,"27,778","6,201","8,769"
2025-12,2623056000,부산진구 양정1동,30대,"40,928","9,351","19,615"
2025-12,2623056000,부산진구 양정1동,40대,"37,288","9,107","17,477"
2025-12,2623056000,부산진구 양정1동,50대,"54,789","10,747","21,712"
2025-12,2623056000,부산진구 양정1동,60대,"58,218","7,864","21,586"
2025-12,2623056000,부산진구 양정1동,기타,"69,999","2,962","16,657"
2025-12,2623057000,부산진구 양정2동,20대,"48,707","6,408","13,124"
2025-12,2623057000,부산진구 양정2동,20대미만,"18,690","6,169","5,603"
2025-12,2623057000,부산진구 양정2동,30대,"63,158","8,288","13,145"
2025-12,2623057000,부산진구 양정2동,40대,"41,721","7,179","10,704"
2025-12,2623057000,부산진구 양정2동,50대,"34,990","7,563","15,511"
2025-12,2623057000,부산진구 양정2동,60대,"29,981","4,645","16,298"
2025-12,2623057000,부산진구 양정2동,기타,"34,256","1,537","11,877"
2025-12,2623060000,부산진구 전포1동,20대,"65,056","18,794","65,380"
2025-12,2623060000,부산진구 전포1동,20대미만,"16,658","7,088","20,052"
2025-12,2623060000,부산진구 전포1동,30대,"64,367","15,364","39,094"
2025-12,2623060000,부산진구 전포1동,40대,"36,093","8,881","21,533"
2025-12,2623060000,부산진구 전포1동,50대,"39,580","9,520","19,334"
2025-12,2623060000,부산진구 전포1동,60대,"35,824","6,746","14,837"
2025-12,2623060000,부산진구 전포1동,기타,"30,484","1,491","9,689"
2025-12,2623061000,부산진구 전포2동,20대,"50,109","10,154","42,470"
2025-12,2623061000,부산진구 전포2동,20대미만,"21,753","1,886","15,153"
2025-12,2623061000,부산진구 전포2동,30대,"59,126","10,688","30,097"
2025-12,2623061000,부산진구 전포2동,40대,"50,875","8,262","16,728"
2025-12,2623061000,부산진구 전포2동,50대,"53,882","9,377","17,232"
2025-12,2623061000,부산진구 전포2동,60대,"64,169","7,010","16,646"
2025-12,2623061000,부산진구 전포2동,기타,"66,265","2,129","14,203"
2025-12,2623064000,부산진구 부암1동,20대,"33,584","3,642","10,955"
2025-12,2623064000,부산진구 부암1동,20대미만,"29,753",868,"5,458"
2025-12,2623064000,부산진구 부암1동,30대,"58,659","6,319","14,701"
2025-12,2623064000,부산진구 부암1동,40대,"56,558","6,899","12,332"
2025-12,2623064000,부산진구 부암1동,50대,"54,114","8,314","15,166"
2025-12,2623064000,부산진구 부암1동,60대,"58,802","6,252","17,239"
2025-12,2623064000,부산진구 부암1동,기타,"62,131","1,010","10,895"
2025-12,2623066000,부산진구 부암3동,20대,"29,380","3,123","8,707"
2025-12,2623066000,부산진구 부암3동,20대미만,"46,148","3,101","7,684"
2025-12,2623066000,부산진구 부암3동,30대,"53,462","3,927","10,643"
2025-12,2623066000,부산진구 부암3동,40대,"58,886","5,857","11,581"
2025-12,2623066000,부산진구 부암3동,50대,"69,372","6,930","14,486"
2025-12,2623066000,부산진구 부암3동,60대,"72,386","5,840","19,651"
2025-12,2623066000,부산진구 부암3동,기타,"58,088","1,303","14,668"
2025-12,2623067000,부산진구 당감1동,20대,"30,677","3,584","7,975"
2025-12,2623067000,부산진구 당감1동,20대미만,"27,763","3,712","6,486"
2025-12,2623067000,부산진구 당감1동,30대,"32,027","3,917","9,733"
2025-12,2623067000,부산진구 당감1동,40대,"40,499","5,567","10,966"
2025-12,2623067000,부산진구 당감1동,50대,"64,582","8,019","14,311"
2025-12,2623067000,부산진구 당감1동,60대,"77,384","5,984","17,764"
2025-12,2623067000,부산진구 당감1동,기타,"79,077","1,816","9,976"
2025-12,2623068000,부산진구 당감2동,20대,"12,119","1,058","3,330"
2025-12,2623068000,부산진구 당감2동,20대미만,"7,413",144,"1,768"
2025-12,2623068000,부산진구 당감2동,30대,"13,075","1,453","5,596"
2025-12,2623068000,부산진구 당감2동,40대,"14,643","1,442","4,664"
2025-12,2623068000,부산진구 당감2동,50대,"17,737","2,128","6,399"
2025-12,2623068000,부산진구 당감2동,60대,"16,905","1,390","6,915"
2025-12,2623068000,부산진구 당감2동,기타,"22,069",381,"4,636"
2025-12,2623070000,부산진구 당감4동,20대,"11,077","1,055","4,938"
2025-12,2623070000,부산진구 당감4동,20대미만,"13,835",469,"6,143"
2025-12,2623070000,부산진구 당감4동,30대,"11,117","1,117","6,963"
2025-12,2623070000,부산진구 당감4동,40대,"16,058","1,381","8,684"
2025-12,2623070000,부산진구 당감4동,50대,"25,548","2,923","9,556"
2025-12,2623070000,부산진구 당감4동,60대,"29,062","2,581","9,613"
2025-12,2623070000,부산진구 당감4동,기타,"31,845",695,"5,968"
2025-12,2623071000,부산진구 가야1동,20대,"36,078","17,236","18,028"
2025-12,2623071000,부산진구 가야1동,20대미만,"24,831","5,915","8,889"
2025-12,2623071000,부산진구 가야1동,30대,"25,554","5,227","13,599"
2025-12,2623071000,부산진구 가야1동,40대,"32,531","5,978","13,870"
2025-12,2623071000,부산진구 가야1동,50대,"42,626","9,382","18,367"
2025-12,2623071000,부산진구 가야1동,60대,"55,408","5,643","17,970"
2025-12,2623071000,부산진구 가야1동,기타,"65,364","1,764","13,091"
2025-12,2623072000,부산진구 가야2동,20대,"13,396","1,548","7,062"
2025-12,2623072000,부산진구 가야2동,20대미만,"11,872","2,075","6,969"
2025-12,2623072000,부산진구 가야2동,30대,"13,780","1,605","8,135"
2025-12,2623072000,부산진구 가야2동,40대,"18,130","2,385","9,669"
2025-12,2623072000,부산진구 가야2동,50대,"24,779","3,025","13,438"
2025-12,2623072000,부산진구 가야2동,60대,"31,090","2,626","16,013"
2025-12,2623072000,부산진구 가야2동,기타,"42,846","1,078","12,579"
2025-12,2623074000,부산진구 개금1동,20대,"49,823","5,101","14,325"
2025-12,2623074000,부산진구 개금1동,20대미만,"16,013",481,"7,528"
2025-12,2623074000,부산진구 개금1동,30대,"45,836","4,471","11,885"
2025-12,2623074000,부산진구 개금1동,40대,"32,621","3,972","11,634"
2025-12,2623074000,부산진구 개금1동,50대,"40,724","6,659","15,785"
2025-12,2623074000,부산진구 개금1동,60대,"43,434","5,335","16,883"
2025-12,2623074000,부산진구 개금1동,기타,"48,010","1,544","12,355"
2025-12,2623075000,부산진구 개금2동,20대,"15,672","5,061","12,110"
2025-12,2623075000,부산진구 개금2동,20대미만,"12,847",385,"3,373"
2025-12,2623075000,부산진구 개금2동,30대,"12,654","5,448","9,578"
2025-12,2623075000,부산진구 개금2동,40대,"16,119","4,013","9,461"
2025-12,2623075000,부산진구 개금2동,50대,"23,029","3,980","12,357"
2025-12,2623075000,부산진구 개금2동,60대,"28,318","2,291","14,720"
2025-12,2623075000,부산진구 개금2동,기타,"35,498",592,"12,429"
2025-12,2623076000,부산진구 개금3동,20대,"36,756","3,238","7,310"
2025-12,2623076000,부산진구 개금3동,20대미만,"37,331","2,648","6,786"
2025-12,2623076000,부산진구 개금3동,30대,"43,119","4,274","9,333"
2025-12,2623076000,부산진구 개금3동,40대,"56,408","4,400","8,278"
2025-12,2623076000,부산진구 개금3동,50대,"73,812","7,706","11,993"
2025-12,2623076000,부산진구 개금3동,60대,"97,322","6,161","13,402"
2025-12,2623076000,부산진구 개금3동,기타,"89,374","1,419","8,570"
2025-12,2623077000,부산진구 범천1동,20대,"36,306","8,933","24,897"
2025-12,2623077000,부산진구 범천1동,20대미만,"10,148",310,"7,381"
2025-12,2623077000,부산진구 범천1동,30대,"41,248","13,960","28,072"
2025-12,2623077000,부산진구 범천1동,40대,"26,054","14,228","24,302"
2025-12,2623077000,부산진구 범천1동,50대,"28,570","17,688","28,741"
2025-12,2623077000,부산진구 범천1동,60대,"30,218","11,528","29,655"
2025-12,2623077000,부산진구 범천1동,기타,"35,413","4,866","23,982"
2025-12,2623078000,부산진구 범천2동,20대,"29,723","3,113","10,470"
2025-12,2623078000,부산진구 범천2동,20대미만,"19,712",332,"3,327"
2025-12,2623078000,부산진구 범천2동,30대,"57,219","5,922","12,236"
2025-12,2623078000,부산진구 범천2동,40대,"47,783","5,993","8,996"
2025-12,2623078000,부산진구 범천2동,50대,"46,434","5,999","10,169"
2025-12,2623078000,부산진구 범천2동,60대,"65,805","6,219","13,612"
2025-12,2623078000,부산진구 범천2동,기타,"68,577","1,568","10,132"
2025-12,2626051000,동래구 수민동,20대,"35,996","4,529","11,879"
2025-12,2626051000,동래구 수민동,20대미만,"29,798","1,444","12,004"
2025-12,2626051000,동래구 수민동,30대,"47,387","6,376","15,325"
2025-12,2626051000,동래구 수민동,40대,"45,492","8,232","18,427"
2025-12,2626051000,동래구 수민동,50대,"50,821","9,683","27,107"
2025-12,2626051000,동래구 수민동,60대,"90,522","7,829","30,611"
2025-12,2626051000,동래구 수민동,기타,"98,039","2,352","28,503"
2025-12,2626052000,동래구 복산동,20대,"9,992","1,055","2,462"
2025-12,2626052000,동래구 복산동,20대미만,"7,478",546,"4,057"
2025-12,2626052000,동래구 복산동,30대,"10,393","2,041","3,116"
2025-12,2626052000,동래구 복산동,40대,"12,535","2,544","4,220"
2025-12,2626052000,동래구 복산동,50대,"21,861","3,388","6,144"
2025-12,2626052000,동래구 복산동,60대,"29,627","2,445","6,432"
2025-12,2626052000,동래구 복산동,기타,"38,760",893,"4,384"
2025-12,2626054500,동래구 명륜동,20대,"32,467","11,475","33,119"
2025-12,2626054500,동래구 명륜동,20대미만,"58,791","8,240","18,423"
2025-12,2626054500,동래구 명륜동,30대,"44,488","14,351","32,090"
2025-12,2626054500,동래구 명륜동,40대,"67,166","14,122","33,795"
2025-12,2626054500,동래구 명륜동,50대,"72,159","17,903","39,013"
2025-12,2626054500,동래구 명륜동,60대,"50,764","10,665","37,867"
2025-12,2626054500,동래구 명륜동,기타,"56,375","3,557","30,371"
2025-12,2626055000,동래구 온천1동,20대,"66,128","8,512","24,799"
2025-12,2626055000,동래구 온천1동,20대미만,"54,358","4,434","15,758"
2025-12,2626055000,동래구 온천1동,30대,"95,929","10,962","30,502"
2025-12,2626055000,동래구 온천1동,40대,"88,803","11,543","32,817"
2025-12,2626055000,동래구 온천1동,50대,"84,922","12,967","37,859"
2025-12,2626055000,동래구 온천1동,60대,"72,862","9,235","35,299"
2025-12,2626055000,동래구 온천1동,기타,"79,218","3,634","26,926"
2025-12,2626056000,동래구 온천2동,20대,"19,138","5,010","11,100"
2025-12,2626056000,동래구 온천2동,20대미만,"32,325","5,572","6,753"
2025-12,2626056000,동래구 온천2동,30대,"27,861","7,046","11,924"
2025-12,2626056000,동래구 온천2동,40대,"39,468","8,361","13,670"
2025-12,2626056000,동래구 온천2동,50대,"36,898","8,578","18,776"
2025-12,2626056000,동래구 온천2동,60대,"38,340","5,303","18,560"
2025-12,2626056000,동래구 온천2동,기타,"49,488","1,345","14,227"
2025-12,2626057000,동래구 온천3동,20대,"64,098","5,999","29,736"
2025-12,2626057000,동래구 온천3동,20대미만,"52,329","4,327","41,649"
2025-12,2626057000,동래구 온천3동,30대,"73,497","6,740","43,661"
2025-12,2626057000,동래구 온천3동,40대,"77,227","8,556","54,287"
2025-12,2626057000,동래구 온천3동,50대,"98,140","11,942","47,155"
2025-12,2626057000,동래구 온천3동,60대,"106,548","9,008","47,035"
2025-12,2626057000,동래구 온천3동,기타,"114,678","2,392","41,397"
2025-12,2626058000,동래구 사직1동,20대,"13,826","3,916","12,762"
2025-12,2626058000,동래구 사직1동,20대미만,"21,871","2,558","17,078"
2025-12,2626058000,동래구 사직1동,30대,"19,160","5,045","16,740"
2025-12,2626058000,동래구 사직1동,40대,"25,813","5,764","21,788"
2025-12,2626058000,동래구 사직1동,50대,"24,855","5,623","21,609"
2025-12,2626058000,동래구 사직1동,60대,"24,247","4,668","20,477"
2025-12,2626058000,동래구 사직1동,기타,"33,269","1,619","16,477"
2025-12,2626059000,동래구 사직2동,20대,"31,604","3,328","14,392"
2025-12,2626059000,동래구 사직2동,20대미만,"68,636","8,395","18,532"
2025-12,2626059000,동래구 사직2동,30대,"35,558","3,892","13,680"
2025-12,2626059000,동래구 사직2동,40대,"61,510","6,586","21,016"
2025-12,2626059000,동래구 사직2동,50대,"70,825","7,134","20,460"
2025-12,2626059000,동래구 사직2동,60대,"59,056","4,545","17,051"
2025-12,2626059000,동래구 사직2동,기타,"41,935","1,178","12,200"
2025-12,2626060000,동래구 사직3동,20대,"21,157","2,505","8,364"
2025-12,2626060000,동래구 사직3동,20대미만,"37,951","1,543","12,108"
2025-12,2626060000,동래구 사직3동,30대,"25,706","3,983","9,164"
2025-12,2626060000,동래구 사직3동,40대,"49,231","5,987","14,000"
2025-12,2626060000,동래구 사직3동,50대,"40,907","6,027","13,451"
2025-12,2626060000,동래구 사직3동,60대,"42,203","4,197","11,708"
2025-12,2626060000,동래구 사직3동,기타,"51,577","1,043","9,728"
2025-12,2626074000,동래구 안락1동,20대,"15,423","4,086","8,187"
2025-12,2626074000,동래구 안락1동,20대미만,"15,076",965,"6,574"
2025-12,2626074000,동래구 안락1동,30대,"18,312","5,096","10,836"
2025-12,2626074000,동래구 안락1동,40대,"22,760","5,207","12,960"
2025-12,2626074000,동래구 안락1동,50대,"29,824","6,594","18,119"
2025-12,2626074000,동래구 안락1동,60대,"43,449","6,407","22,678"
2025-12,2626074000,동래구 안락1동,기타,"54,810","2,036","18,601"
2025-12,2626075000,동래구 안락2동,20대,"37,348","5,323","9,824"
2025-12,2626075000,동래구 안락2동,20대미만,"49,332","3,150","9,083"
2025-12,2626075000,동래구 안락2동,30대,"43,621","7,091","13,580"
2025-12,2626075000,동래구 안락2동,40대,"59,541","8,112","13,802"
2025-12,2626075000,동래구 안락2동,50대,"73,529","10,964","18,163"
2025-12,2626075000,동래구 안락2동,60대,"81,986","6,988","17,955"
2025-12,2626075000,동래구 안락2동,기타,"82,190","1,385","13,152"
2025-12,2626076100,동래구 명장1동,20대,"15,978","2,038","5,130"
2025-12,2626076100,동래구 명장1동,20대미만,"23,027","4,636","5,704"
2025-12,2626076100,동래구 명장1동,30대,"23,029","2,661","6,451"
2025-12,2626076100,동래구 명장1동,40대,"31,522","3,983","8,002"
2025-12,2626076100,동래구 명장1동,50대,"36,356","5,325","9,574"
2025-12,2626076100,동래구 명장1동,60대,"46,153","6,180","11,549"
2025-12,2626076100,동래구 명장1동,기타,"53,844","1,990","9,404"
2025-12,2626076200,동래구 명장2동,20대,"9,792",871,"1,992"
2025-12,2626076200,동래구 명장2동,20대미만,"12,276","4,592","4,331"
2025-12,2626076200,동래구 명장2동,30대,"15,185","1,214","3,206"
2025-12,2626076200,동래구 명장2동,40대,"16,060","2,080","4,179"
2025-12,2626076200,동래구 명장2동,50대,"22,346","2,601","4,416"
2025-12,2626076200,동래구 명장2동,60대,"27,373","2,156","6,247"
2025-12,2626076200,동래구 명장2동,기타,"28,011",652,"3,941"
2025-12,2629051000,남구 대연1동,20대,"59,653","5,792","24,901"
2025-12,2629051000,남구 대연1동,20대미만,"17,814","1,597","12,780"
2025-12,2629051000,남구 대연1동,30대,"25,291","4,401","18,285"
2025-12,2629051000,남구 대연1동,40대,"26,222","4,424","20,978"
2025-12,2629051000,남구 대연1동,50대,"36,208","6,816","24,476"
2025-12,2629051000,남구 대연1동,60대,"38,842","3,738","22,235"
2025-12,2629051000,남구 대연1동,기타,"61,137","1,503","21,456"
2025-12,2629053000,남구 대연3동,20대,"118,073","56,218","62,839"
2025-12,2629053000,남구 대연3동,20대미만,"82,329","12,854","33,186"
2025-12,2629053000,남구 대연3동,30대,"72,313","20,967","35,399"
2025-12,2629053000,남구 대연3동,40대,"97,321","20,948","34,508"
2025-12,2629053000,남구 대연3동,50대,"89,816","20,070","38,743"
2025-12,2629053000,남구 대연3동,60대,"73,977","10,306","31,036"
2025-12,2629053000,남구 대연3동,기타,"78,087","2,430","22,324"
2025-12,2629054000,남구 대연4동,20대,"15,488","1,530","5,315"
2025-12,2629054000,남구 대연4동,20대미만,"22,898","1,900","4,650"
2025-12,2629054000,남구 대연4동,30대,"30,649","3,028","6,393"
2025-12,2629054000,남구 대연4동,40대,"34,118","3,907","7,408"
2025-12,2629054000,남구 대연4동,50대,"31,371","4,093","9,297"
2025-12,2629054000,남구 대연4동,60대,"37,542","3,479","10,461"
2025-12,2629054000,남구 대연4동,기타,"45,667","1,240","8,411"
2025-12,2629055000,남구 대연5동,20대,"36,775","5,153","11,232"
2025-12,2629055000,남구 대연5동,20대미만,"20,553","2,694","4,876"
2025-12,2629055000,남구 대연5동,30대,"25,825","3,890","7,637"
2025-12,2629055000,남구 대연5동,40대,"30,731","5,488","8,272"
2025-12,2629055000,남구 대연5동,50대,"39,608","5,953","10,194"
2025-12,2629055000,남구 대연5동,60대,"40,724","3,793","9,784"
2025-12,2629055000,남구 대연5동,기타,"51,171","1,088","9,078"
2025-12,2629056000,남구 대연6동,20대,"16,472","3,572","4,623"
2025-12,2629056000,남구 대연6동,20대미만,"35,860","4,244","4,522"
2025-12,2629056000,남구 대연6동,30대,"28,943","5,550","6,554"
2025-12,2629056000,남구 대연6동,40대,"44,317","6,910","7,040"
2025-12,2629056000,남구 대연6동,50대,"37,308","6,105","9,254"
2025-12,2629056000,남구 대연6동,60대,"31,660","2,899","8,439"
2025-12,2629056000,남구 대연6동,기타,"36,017","1,112","6,194"
2025-12,2629057000,남구 용호1동,20대,"53,702","6,177","14,052"
2025-12,2629057000,남구 용호1동,20대미만,"89,770","3,921","9,769"
2025-12,2629057000,남구 용호1동,30대,"58,106","6,675","15,231"
2025-12,2629057000,남구 용호1동,40대,"100,438","10,223","17,031"
2025-12,2629057000,남구 용호1동,50대,"128,259","13,356","22,195"
2025-12,2629057000,남구 용호1동,60대,"132,997","8,716","22,056"
2025-12,2629057000,남구 용호1동,기타,"129,486","1,528","18,163"
2025-12,2629058000,남구 용호2동,20대,"20,775","2,717","11,143"
2025-12,2629058000,남구 용호2동,20대미만,"35,681",818,"6,560"
2025-12,2629058000,남구 용호2동,30대,"30,515","3,521","12,024"
2025-12,2629058000,남구 용호2동,40대,"49,923","4,883","14,046"
2025-12,2629058000,남구 용호2동,50대,"48,564","4,692","15,809"
2025-12,2629058000,남구 용호2동,60대,"57,570","3,499","16,687"
2025-12,2629058000,남구 용호2동,기타,"57,640",818,"13,322"
2025-12,2629059000,남구 용호3동,20대,"13,583","2,171","6,132"
2025-12,2629059000,남구 용호3동,20대미만,"14,753","5,854","5,940"
2025-12,2629059000,남구 용호3동,30대,"14,305","2,837","6,404"
2025-12,2629059000,남구 용호3동,40대,"18,507","3,683","8,396"
2025-12,2629059000,남구 용호3동,50대,"29,315","5,105","11,470"
2025-12,2629059000,남구 용호3동,60대,"39,149","4,105","11,963"
2025-12,2629059000,남구 용호3동,기타,"55,503","1,702","8,716"
2025-12,2629060000,남구 용호4동,20대,"8,546","2,333","6,672"
2025-12,2629060000,남구 용호4동,20대미만,"8,751",587,"3,882"
2025-12,2629060000,남구 용호4동,30대,"9,950","1,648","5,539"
2025-12,2629060000,남구 용호4동,40대,"14,210","2,408","7,183"
2025-12,2629060000,남구 용호4동,50대,"18,404","3,024","9,001"
2025-12,2629060000,남구 용호4동,60대,"22,178","2,790","9,436"
2025-12,2629060000,남구 용호4동,기타,"27,348","1,552","8,336"
2025-12,2629061000,남구 용당동,20대,"12,221","6,291","8,616"
2025-12,2629061000,남구 용당동,20대미만,"11,391","2,881","3,978"
2025-12,2629061000,남구 용당동,30대,"10,705","4,383","7,002"
2025-12,2629061000,남구 용당동,40대,"15,052","6,272","9,813"
2025-12,2629061000,남구 용당동,50대,"24,699","6,677","14,158"
2025-12,2629061000,남구 용당동,60대,"25,170","4,483","11,959"
2025-12,2629061000,남구 용당동,기타,"26,421",969,"5,553"
2025-12,2629062000,남구 감만1동,20대,"9,036","2,964","4,289"
2025-12,2629062000,남구 감만1동,20대미만,"6,457",910,"1,679"
2025-12,2629062000,남구 감만1동,30대,"10,403","4,204","7,631"
2025-12,2629062000,남구 감만1동,40대,"12,968","4,333","10,150"
2025-12,2629062000,남구 감만1동,50대,"19,583","5,683","14,663"
2025-12,2629062000,남구 감만1동,60대,"28,432","3,915","10,296"
2025-12,2629062000,남구 감만1동,기타,"26,404",960,"4,634"
2025-12,2629063000,남구 감만2동,20대,"3,799",360,"1,496"
2025-12,2629063000,남구 감만2동,20대미만,"3,837",715,"2,114"
2025-12,2629063000,남구 감만2동,30대,"4,452",549,"1,871"
2025-12,2629063000,남구 감만2동,40대,"7,015",728,"2,993"
2025-12,2629063000,남구 감만2동,50대,"13,199","1,550","4,113"
2025-12,2629063000,남구 감만2동,60대,"12,479","1,208","4,912"
2025-12,2629063000,남구 감만2동,기타,"21,457",336,"5,190"
2025-12,2629064500,남구 우암동,20대,"14,753","2,400","7,224"
2025-12,2629064500,남구 우암동,20대미만,"17,896","1,649","4,386"
2025-12,2629064500,남구 우암동,30대,"15,322","2,884","9,636"
2025-12,2629064500,남구 우암동,40대,"23,196","4,216","11,141"
2025-12,2629064500,남구 우암동,50대,"32,496","6,658","18,515"
2025-12,2629064500,남구 우암동,60대,"46,324","4,395","18,564"
2025-12,2629064500,남구 우암동,기타,"66,389",925,"16,493"
2025-12,2629068000,남구 문현1동,20대,"12,239","1,020","5,196"
2025-12,2629068000,남구 문현1동,20대미만,"13,328","2,089","4,995"
2025-12,2629068000,남구 문현1동,30대,"10,008","1,118","7,329"
2025-12,2629068000,남구 문현1동,40대,"17,208","2,098","7,669"
2025-12,2629068000,남구 문현1동,50대,"24,517","3,424","8,479"
2025-12,2629068000,남구 문현1동,60대,"29,435","2,487","8,630"
2025-12,2629068000,남구 문현1동,기타,"37,134",663,"7,474"
2025-12,2629069000,남구 문현2동,20대,"8,440","6,946","10,578"
2025-12,2629069000,남구 문현2동,20대미만,"4,123","1,402","4,822"
2025-12,2629069000,남구 문현2동,30대,"14,087","15,267","11,743"
2025-12,2629069000,남구 문현2동,40대,"10,956","12,048","10,320"
2025-12,2629069000,남구 문현2동,50대,"11,455","9,620","12,091"
2025-12,2629069000,남구 문현2동,60대,"15,834","3,667","11,200"
2025-12,2629069000,남구 문현2동,기타,"23,968","1,513","6,502"
2025-12,2629070000,남구 문현3동,20대,"15,070","1,587","15,183"
2025-12,2629070000,남구 문현3동,20대미만,"14,496","1,658","17,760"
2025-12,2629070000,남구 문현3동,30대,"24,129","2,983","15,777"
2025-12,2629070000,남구 문현3동,40대,"26,075","3,750","22,148"
2025-12,2629070000,남구 문현3동,50대,"27,621","4,210","31,554"
2025-12,2629070000,남구 문현3동,60대,"41,598","3,661","30,218"
2025-12,2629070000,남구 문현3동,기타,"39,669","1,024","30,724"
2025-12,2629071000,남구 문현4동,20대,"9,450","1,803","4,917"
2025-12,2629071000,남구 문현4동,20대미만,"7,418","1,246","3,478"
2025-12,2629071000,남구 문현4동,30대,"12,356","2,468","6,895"
2025-12,2629071000,남구 문현4동,40대,"11,472","2,143","6,496"
2025-12,2629071000,남구 문현4동,50대,"16,109","2,978","7,152"
2025-12,2629071000,남구 문현4동,60대,"17,816","2,197","6,473"
2025-12,2629071000,남구 문현4동,기타,"23,822",586,"4,815"
2025-12,2632051000,북구 구포1동,20대,"21,861","2,541","10,250"
2025-12,2632051000,북구 구포1동,20대미만,"16,120",125,"4,321"
2025-12,2632051000,북구 구포1동,30대,"32,591","4,097","12,302"
2025-12,2632051000,북구 구포1동,40대,"30,795","4,413","13,011"
2025-12,2632051000,북구 구포1동,50대,"41,174","8,979","22,051"
2025-12,2632051000,북구 구포1동,60대,"59,343","8,002","30,648"
2025-12,2632051000,북구 구포1동,기타,"56,969","3,049","24,308"
2025-12,2632052000,북구 구포2동,20대,"35,514","3,925","8,028"
2025-12,2632052000,북구 구포2동,20대미만,"29,244","4,052","4,664"
2025-12,2632052000,북구 구포2동,30대,"43,636","6,342","9,406"
2025-12,2632052000,북구 구포2동,40대,"48,595","7,199","9,522"
2025-12,2632052000,북구 구포2동,50대,"72,574","10,212","14,218"
2025-12,2632052000,북구 구포2동,60대,"94,020","6,638","16,908"
2025-12,2632052000,북구 구포2동,기타,"81,390","1,509","10,751"
2025-12,2632052100,북구 구포3동,20대,"29,618","3,025","4,935"
2025-12,2632052100,북구 구포3동,20대미만,"25,188","3,783","3,380"
2025-12,2632052100,북구 구포3동,30대,"27,162","2,545","5,194"
2025-12,2632052100,북구 구포3동,40대,"35,988","3,604","5,025"
2025-12,2632052100,북구 구포3동,50대,"60,412","6,504","8,849"
2025-12,2632052100,북구 구포3동,60대,"78,237","5,035","10,858"
2025-12,2632052100,북구 구포3동,기타,"64,092","1,038","5,139"
2025-12,2632053000,북구 금곡동,20대,"49,348","5,333","8,764"
2025-12,2632053000,북구 금곡동,20대미만,"53,159","3,786","7,732"
2025-12,2632053000,북구 금곡동,30대,"52,431","6,150","12,204"
2025-12,2632053000,북구 금곡동,40대,"63,172","7,046","13,560"
2025-12,2632053000,북구 금곡동,50대,"105,210","11,790","20,371"
2025-12,2632053000,북구 금곡동,60대,"142,756","9,111","22,605"
2025-12,2632053000,북구 금곡동,기타,"148,033","1,505","13,622"
2025-12,2632054100,북구 화명1동,20대,"58,658","5,270","21,990"
2025-12,2632054100,북구 화명1동,20대미만,"69,652","1,631","25,352"
2025-12,2632054100,북구 화명1동,30대,"81,782","6,038","28,510"
2025-12,2632054100,북구 화명1동,40대,"77,716","6,827","27,392"
2025-12,2632054100,북구 화명1동,50대,"112,207","9,271","33,908"
2025-12,2632054100,북구 화명1동,60대,"125,619","8,241","35,478"
2025-12,2632054100,북구 화명1동,기타,"76,974","2,029","22,855"
2025-12,2632054200,북구 화명2동,20대,"29,162","3,345","7,294"
2025-12,2632054200,북구 화명2동,20대미만,"32,889","2,648","6,043"
2025-12,2632054200,북구 화명2동,30대,"34,762","3,570","9,311"
2025-12,2632054200,북구 화명2동,40대,"34,751","4,144","9,375"
2025-12,2632054200,북구 화명2동,50대,"51,589","6,050","13,066"
2025-12,2632054200,북구 화명2동,60대,"59,838","4,737","14,377"
2025-12,2632054200,북구 화명2동,기타,"50,010","1,401","8,885"
2025-12,2632054300,북구 화명3동,20대,"43,398","8,934","18,469"
2025-12,2632054300,북구 화명3동,20대미만,"60,235","8,412","15,179"
2025-12,2632054300,북구 화명3동,30대,"40,951","8,383","18,035"
2025-12,2632054300,북구 화명3동,40대,"58,590","8,743","17,009"
2025-12,2632054300,북구 화명3동,50대,"78,545","12,254","24,018"
2025-12,2632054300,북구 화명3동,60대,"58,944","6,326","23,991"
2025-12,2632054300,북구 화명3동,기타,"60,012","2,029","14,014"
2025-12,2632055000,북구 덕천1동,20대,"20,500","3,841","8,418"
2025-12,2632055000,북구 덕천1동,20대미만,"11,734",927,"4,578"
2025-12,2632055000,북구 덕천1동,30대,"34,678","4,187","9,799"
2025-12,2632055000,북구 덕천1동,40대,"26,096","4,735","9,826"
2025-12,2632055000,북구 덕천1동,50대,"35,292","6,246","14,532"
2025-12,2632055000,북구 덕천1동,60대,"46,623","4,803","17,691"
2025-12,2632055000,북구 덕천1동,기타,"54,085","1,433","12,068"
2025-12,2632056000,북구 덕천2동,20대,"18,306","7,693","19,699"
2025-12,2632056000,북구 덕천2동,20대미만,"11,860","2,854","11,811"
2025-12,2632056000,북구 덕천2동,30대,"20,792","10,524","22,683"
2025-12,2632056000,북구 덕천2동,40대,"18,844","9,355","20,445"
2025-12,2632056000,북구 덕천2동,50대,"28,829","11,463","28,558"
2025-12,2632056000,북구 덕천2동,60대,"41,355","8,153","31,184"
2025-12,2632056000,북구 덕천2동,기타,"44,068","2,389","19,377"
2025-12,2632056100,북구 덕천3동,20대,"9,996",472,"1,944"
2025-12,2632056100,북구 덕천3동,20대미만,"4,815",201,"1,385"
2025-12,2632056100,북구 덕천3동,30대,"11,514",817,"2,475"
2025-12,2632056100,북구 덕천3동,40대,"11,822",945,"2,786"
2025-12,2632056100,북구 덕천3동,50대,"21,857","2,450","4,081"
2025-12,2632056100,북구 덕천3동,60대,"33,114","1,447","5,085"
2025-12,2632056100,북구 덕천3동,기타,"31,946",382,"4,530"
2025-12,2632057100,북구 만덕1동,20대,"18,559","2,015","5,060"
2025-12,2632057100,북구 만덕1동,20대미만,"23,812","2,498","3,154"
2025-12,2632057100,북구 만덕1동,30대,"43,028","3,162","7,793"
2025-12,2632057100,북구 만덕1동,40대,"41,694","3,125","7,431"
2025-12,2632057100,북구 만덕1동,50대,"35,629","3,506","8,633"
2025-12,2632057100,북구 만덕1동,60대,"52,501","3,519","11,650"
2025-12,2632057100,북구 만덕1동,기타,"45,143",771,"6,796"
2025-12,2632057200,북구 만덕2동,20대,"35,974","3,444","7,393"
2025-12,2632057200,북구 만덕2동,20대미만,"54,008","3,739","6,875"
2025-12,2632057200,북구 만덕2동,30대,"51,867","4,562","10,681"
2025-12,2632057200,북구 만덕2동,40대,"63,771","5,959","9,914"
2025-12,2632057200,북구 만덕2동,50대,"69,677","6,987","13,354"
2025-12,2632057200,북구 만덕2동,60대,"86,215","5,698","16,385"
2025-12,2632057200,북구 만덕2동,기타,"78,697","1,128","9,585"
2025-12,2632057300,북구 만덕3동,20대,"22,567","2,280","5,221"
2025-12,2632057300,북구 만덕3동,20대미만,"20,606",689,"5,571"
2025-12,2632057300,북구 만덕3동,30대,"25,981","1,488","6,891"
2025-12,2632057300,북구 만덕3동,40대,"28,863","3,090","6,942"
2025-12,2632057300,북구 만덕3동,50대,"44,732","3,733","8,867"
2025-12,2632057300,북구 만덕3동,60대,"69,157","4,313","10,914"
2025-12,2632057300,북구 만덕3동,기타,"53,532","1,168","7,048"
2025-12,2635051000,해운대구 우1동,20대,"39,461","15,143","56,824"
2025-12,2635051000,해운대구 우1동,20대미만,"46,316","12,158","34,098"
2025-12,2635051000,해운대구 우1동,30대,"51,246","16,045","57,898"
2025-12,2635051000,해운대구 우1동,40대,"62,050","14,782","57,234"
2025-12,2635051000,해운대구 우1동,50대,"67,739","16,236","55,648"
2025-12,2635051000,해운대구 우1동,60대,"66,827","11,587","45,556"
2025-12,2635051000,해운대구 우1동,기타,"77,178","3,090","30,886"
2025-12,2635052000,해운대구 우2동,20대,"36,250","42,126","59,535"
2025-12,2635052000,해운대구 우2동,20대미만,"52,021","11,210","44,247"
2025-12,2635052000,해운대구 우2동,30대,"54,008","53,395","73,973"
2025-12,2635052000,해운대구 우2동,40대,"78,818","40,142","64,478"
2025-12,2635052000,해운대구 우2동,50대,"89,257","35,439","58,897"
2025-12,2635052000,해운대구 우2동,60대,"80,720","16,397","44,483"
2025-12,2635052000,해운대구 우2동,기타,"79,139","3,056","26,628"
2025-12,2635052500,해운대구 우3동,20대,"26,027","3,993","13,051"
2025-12,2635052500,해운대구 우3동,20대미만,"53,218","1,809","10,072"
2025-12,2635052500,해운대구 우3동,30대,"41,504","7,058","16,132"
2025-12,2635052500,해운대구 우3동,40대,"75,446","10,962","18,754"
2025-12,2635052500,해운대구 우3동,50대,"78,862","9,914","19,480"
2025-12,2635052500,해운대구 우3동,60대,"75,867","6,720","16,930"
2025-12,2635052500,해운대구 우3동,기타,"76,206","1,935","11,303"
2025-12,2635053000,해운대구 중1동,20대,"43,628","13,535","48,030"
2025-12,2635053000,해운대구 중1동,20대미만,"46,415","3,480","34,026"
2025-12,2635053000,해운대구 중1동,30대,"54,561","14,753","60,077"
2025-12,2635053000,해운대구 중1동,40대,"72,648","16,654","57,633"
2025-12,2635053000,해운대구 중1동,50대,"81,322","18,867","58,413"
2025-12,2635053000,해운대구 중1동,60대,"70,459","12,660","46,223"
2025-12,2635053000,해운대구 중1동,기타,"72,085","3,081","28,312"
2025-12,2635054000,해운대구 중2동,20대,"20,050","3,008","11,797"
2025-12,2635054000,해운대구 중2동,20대미만,"31,295","1,615","7,656"
2025-12,2635054000,해운대구 중2동,30대,"30,820","4,542","15,256"
2025-12,2635054000,해운대구 중2동,40대,"42,420","4,739","15,103"
2025-12,2635054000,해운대구 중2동,50대,"44,573","5,390","18,555"
2025-12,2635054000,해운대구 중2동,60대,"50,321","4,121","17,002"
2025-12,2635054000,해운대구 중2동,기타,"46,164","1,216","12,069"
2025-12,2635055100,해운대구 좌1동,20대,"17,399","4,979","15,457"
2025-12,2635055100,해운대구 좌1동,20대미만,"20,006",733,"12,001"
2025-12,2635055100,해운대구 좌1동,30대,"24,394","5,667","16,182"
2025-12,2635055100,해운대구 좌1동,40대,"25,378","5,682","17,199"
2025-12,2635055100,해운대구 좌1동,50대,"39,971","8,609","23,182"
2025-12,2635055100,해운대구 좌1동,60대,"38,499","4,840","19,105"
2025-12,2635055100,해운대구 좌1동,기타,"30,241","2,326","13,211"
2025-12,2635055200,해운대구 좌2동,20대,"57,273","5,857","12,945"
2025-12,2635055200,해운대구 좌2동,20대미만,"53,530","3,087","11,624"
2025-12,2635055200,해운대구 좌2동,30대,"67,903","6,843","14,858"
2025-12,2635055200,해운대구 좌2동,40대,"70,509","8,100","12,931"
2025-12,2635055200,해운대구 좌2동,50대,"89,147","10,108","15,927"
2025-12,2635055200,해운대구 좌2동,60대,"87,816","6,590","16,214"
2025-12,2635055200,해운대구 좌2동,기타,"78,951","1,040","10,667"
2025-12,2635055300,해운대구 좌3동,20대,"22,830","1,616","6,436"
2025-12,2635055300,해운대구 좌3동,20대미만,"29,466","5,480","7,800"
2025-12,2635055300,해운대구 좌3동,30대,"25,238","2,658","6,643"
2025-12,2635055300,해운대구 좌3동,40대,"32,898","2,992","6,701"
2025-12,2635055300,해운대구 좌3동,50대,"48,667","3,664","9,965"
2025-12,2635055300,해운대구 좌3동,60대,"49,143","2,983","11,594"
2025-12,2635055300,해운대구 좌3동,기타,"56,431",773,"8,163"
2025-12,2635055400,해운대구 좌4동,20대,"37,362","7,713","15,322"
2025-12,2635055400,해운대구 좌4동,20대미만,"62,490","7,820","10,591"
2025-12,2635055400,해운대구 좌4동,30대,"37,413","7,771","15,299"
2025-12,2635055400,해운대구 좌4동,40대,"54,504","9,270","16,888"
2025-12,2635055400,해운대구 좌4동,50대,"67,250","10,690","22,522"
2025-12,2635055400,해운대구 좌4동,60대,"60,721","6,483","23,964"
2025-12,2635055400,해운대구 좌4동,기타,"55,922","2,071","18,017"
2025-12,2635056000,해운대구 송정동,20대,"10,779","5,574","28,043"
2025-12,2635056000,해운대구 송정동,20대미만,"11,795","3,466","17,600"
2025-12,2635056000,해운대구 송정동,30대,"15,814","7,133","32,775"
2025-12,2635056000,해운대구 송정동,40대,"19,096","6,503","31,785"
2025-12,2635056000,해운대구 송정동,50대,"24,449","8,721","30,527"
2025-12,2635056000,해운대구 송정동,60대,"35,277","5,936","25,747"
2025-12,2635056000,해운대구 송정동,기타,"41,858","1,831","15,801"
2025-12,2635057000,해운대구 반여1동,20대,"57,557","7,577","12,610"
2025-12,2635057000,해운대구 반여1동,20대미만,"96,397","5,194","9,259"
2025-12,2635057000,해운대구 반여1동,30대,"66,225","9,057","15,339"
2025-12,2635057000,해운대구 반여1동,40대,"92,859","13,071","17,575"
2025-12,2635057000,해운대구 반여1동,50대,"114,066","15,411","23,085"
2025-12,2635057000,해운대구 반여1동,60대,"101,296","9,865","23,633"
2025-12,2635057000,해운대구 반여1동,기타,"95,838","2,218","14,070"
2025-12,2635058000,해운대구 반여2동,20대,"14,475","1,109","4,288"
2025-12,2635058000,해운대구 반여2동,20대미만,"9,893",632,"2,263"
2025-12,2635058000,해운대구 반여2동,30대,"18,194","1,514","4,276"
2025-12,2635058000,해운대구 반여2동,40대,"21,971","1,983","5,668"
2025-12,2635058000,해운대구 반여2동,50대,"37,129","3,603","9,284"
2025-12,2635058000,해운대구 반여2동,60대,"47,685","2,614","11,432"
2025-12,2635058000,해운대구 반여2동,기타,"47,580",527,"9,307"
2025-12,2635059000,해운대구 반여3동,20대,"8,582",405,"1,308"
2025-12,2635059000,해운대구 반여3동,20대미만,"4,114",329,747
2025-12,2635059000,해운대구 반여3동,30대,"9,304",754,"1,363"
2025-12,2635059000,해운대구 반여3동,40대,"11,180",817,"1,889"
2025-12,2635059000,해운대구 반여3동,50대,"19,025","1,572","3,688"
2025-12,2635059000,해운대구 반여3동,60대,"25,782","1,368","3,204"
2025-12,2635059000,해운대구 반여3동,기타,"23,084",181,"2,459"
2025-12,2635059500,해운대구 반여4동,20대,"14,834","1,490","4,810"
2025-12,2635059500,해운대구 반여4동,20대미만,"19,137",538,"5,285"
2025-12,2635059500,해운대구 반여4동,30대,"21,482","1,319","5,813"
2025-12,2635059500,해운대구 반여4동,40대,"21,723","2,224","7,108"
2025-12,2635059500,해운대구 반여4동,50대,"30,459","2,922","9,164"
2025-12,2635059500,해운대구 반여4동,60대,"29,927","2,400","12,158"
2025-12,2635059500,해운대구 반여4동,기타,"25,949",580,"9,218"
2025-12,2635061000,해운대구 반송1동,20대,"14,650","3,016","3,658"
2025-12,2635061000,해운대구 반송1동,20대미만,"5,989","2,080","1,626"
2025-12,2635061000,해운대구 반송1동,30대,"12,647","3,134","3,637"
2025-12,2635061000,해운대구 반송1동,40대,"15,795","3,214","5,189"
2025-12,2635061000,해운대구 반송1동,50대,"31,947","5,785","7,983"
2025-12,2635061000,해운대구 반송1동,60대,"35,992","4,592","9,782"
2025-12,2635061000,해운대구 반송1동,기타,"48,191",807,"5,991"
2025-12,2635062000,해운대구 반송2동,20대,"23,870","2,185","2,684"
2025-12,2635062000,해운대구 반송2동,20대미만,"23,145",419,"1,792"
2025-12,2635062000,해운대구 반송2동,30대,"25,320","2,431","3,862"
2025-12,2635062000,해운대구 반송2동,40대,"41,070","4,378","4,975"
2025-12,2635062000,해운대구 반송2동,50대,"63,751","6,852","8,455"
2025-12,2635062000,해운대구 반송2동,60대,"96,866","5,815","8,648"
2025-12,2635062000,해운대구 반송2동,기타,"105,787",903,"5,603"
2025-12,2635065000,해운대구 재송1동,20대,"50,578","9,973","17,950"
2025-12,2635065000,해운대구 재송1동,20대미만,"107,277","5,352","12,765"
2025-12,2635065000,해운대구 재송1동,30대,"62,407","14,316","21,280"
2025-12,2635065000,해운대구 재송1동,40대,"117,934","16,606","25,219"
2025-12,2635065000,해운대구 재송1동,50대,"101,939","15,026","28,463"
2025-12,2635065000,해운대구 재송1동,60대,"81,707","8,824","24,845"
2025-12,2635065000,해운대구 재송1동,기타,"80,738","2,254","18,185"
2025-12,2635066000,해운대구 재송2동,20대,"32,053","3,651","7,533"
2025-12,2635066000,해운대구 재송2동,20대미만,"31,267","1,481","5,257"
2025-12,2635066000,해운대구 재송2동,30대,"36,329","4,385","9,091"
2025-12,2635066000,해운대구 재송2동,40대,"47,695","5,290","11,013"
2025-12,2635066000,해운대구 재송2동,50대,"64,157","7,280","12,430"
2025-12,2635066000,해운대구 재송2동,60대,"82,125","4,645","13,785"
2025-12,2635066000,해운대구 재송2동,기타,"78,360","1,119","8,775"
2025-12,2638051000,사하구 괴정1동,20대,"23,358","2,093","8,079"
2025-12,2638051000,사하구 괴정1동,20대미만,"24,804","2,484","6,679"
2025-12,2638051000,사하구 괴정1동,30대,"21,695","1,933","9,638"
2025-12,2638051000,사하구 괴정1동,40대,"34,901","2,689","11,849"
2025-12,2638051000,사하구 괴정1동,50대,"44,135","5,484","14,637"
2025-12,2638051000,사하구 괴정1동,60대,"59,799","3,563","15,809"
2025-12,2638051000,사하구 괴정1동,기타,"74,065","1,127","13,954"
2025-12,2638052000,사하구 괴정2동,20대,"18,415","1,644","2,602"
2025-12,2638052000,사하구 괴정2동,20대미만,"17,422","1,332","1,898"
2025-12,2638052000,사하구 괴정2동,30대,"19,870","1,440","2,827"
2025-12,2638052000,사하구 괴정2동,40대,"27,247","1,819","3,626"
2025-12,2638052000,사하구 괴정2동,50대,"32,614","2,844","4,204"
2025-12,2638052000,사하구 괴정2동,60대,"47,518","2,571","5,893"
2025-12,2638052000,사하구 괴정2동,기타,"55,184",473,"5,413"
2025-12,2638053000,사하구 괴정3동,20대,"17,686","5,202","7,862"
2025-12,2638053000,사하구 괴정3동,20대미만,"14,326","1,351","6,169"
2025-12,2638053000,사하구 괴정3동,30대,"17,529","3,798","7,299"
2025-12,2638053000,사하구 괴정3동,40대,"23,443","4,543","9,774"
2025-12,2638053000,사하구 괴정3동,50대,"32,884","6,661","13,053"
2025-12,2638053000,사하구 괴정3동,60대,"46,335","5,211","15,865"
2025-12,2638053000,사하구 괴정3동,기타,"59,596","2,203","11,728"
2025-12,2638054000,사하구 괴정4동,20대,"17,078","1,762","4,165"
2025-12,2638054000,사하구 괴정4동,20대미만,"25,715","2,418","6,788"
2025-12,2638054000,사하구 괴정4동,30대,"23,709","2,115","5,084"
2025-12,2638054000,사하구 괴정4동,40대,"36,283","4,035","8,146"
2025-12,2638054000,사하구 괴정4동,50대,"33,596","3,416","9,093"
2025-12,2638054000,사하구 괴정4동,60대,"38,246","2,495","10,234"
2025-12,2638054000,사하구 괴정4동,기타,"43,826",957,"8,990"
2025-12,2638055000,사하구 당리동,20대,"36,574","6,201","15,405"
2025-12,2638055000,사하구 당리동,20대미만,"36,163","2,865","11,045"
2025-12,2638055000,사하구 당리동,30대,"38,044","7,385","15,980"
2025-12,2638055000,사하구 당리동,40대,"52,175","10,604","17,184"
2025-12,2638055000,사하구 당리동,50대,"68,443","10,588","21,545"
2025-12,2638055000,사하구 당리동,60대,"87,741","7,980","24,603"
2025-12,2638055000,사하구 당리동,기타,"90,532","1,649","17,376"
2025-12,2638056100,사하구 하단1동,20대,"45,889","4,356","9,807"
2025-12,2638056100,사하구 하단1동,20대미만,"28,096","1,638","4,806"
2025-12,2638056100,사하구 하단1동,30대,"45,485","4,013","10,803"
2025-12,2638056100,사하구 하단1동,40대,"46,854","5,195","10,487"
2025-12,2638056100,사하구 하단1동,50대,"56,940","6,085","14,127"
2025-12,2638056100,사하구 하단1동,60대,"68,613","5,819","15,793"
2025-12,2638056100,사하구 하단1동,기타,"68,547","1,536","10,144"
2025-12,2638056200,사하구 하단2동,20대,"78,286","33,660","32,237"
2025-12,2638056200,사하구 하단2동,20대미만,"41,591","7,720","13,783"
2025-12,2638056200,사하구 하단2동,30대,"53,894","11,291","21,332"
2025-12,2638056200,사하구 하단2동,40대,"53,446","10,238","18,906"
2025-12,2638056200,사하구 하단2동,50대,"68,047","11,671","21,816"
2025-12,2638056200,사하구 하단2동,60대,"72,360","7,501","20,221"
2025-12,2638056200,사하구 하단2동,기타,"72,853","1,454","12,418"
2025-12,2638057100,사하구 신평1동,20대,"18,663","4,302","6,403"
2025-12,2638057100,사하구 신평1동,20대미만,"23,243","2,981","7,598"
2025-12,2638057100,사하구 신평1동,30대,"23,133","6,716","10,193"
2025-12,2638057100,사하구 신평1동,40대,"32,232","7,866","12,068"
2025-12,2638057100,사하구 신평1동,50대,"44,629","10,027","15,713"
2025-12,2638057100,사하구 신평1동,60대,"58,709","6,292","12,669"
2025-12,2638057100,사하구 신평1동,기타,"61,837","1,274","8,378"
2025-12,2638057200,사하구 신평2동,20대,"26,126","4,545","7,142"
2025-12,2638057200,사하구 신평2동,20대미만,"28,025","1,305","5,325"
2025-12,2638057200,사하구 신평2동,30대,"37,072","8,025","11,651"
2025-12,2638057200,사하구 신평2동,40대,"40,394","9,511","12,710"
2025-12,2638057200,사하구 신평2동,50대,"50,391","11,022","15,433"
2025-12,2638057200,사하구 신평2동,60대,"57,246","7,625","17,791"
2025-12,2638057200,사하구 신평2동,기타,"46,934","1,412","7,975"
2025-12,2638058000,사하구 장림1동,20대,"17,899","4,636","6,421"
2025-12,2638058000,사하구 장림1동,20대미만,"28,767","1,816","5,049"
2025-12,2638058000,사하구 장림1동,30대,"31,099","8,428","11,531"
2025-12,2638058000,사하구 장림1동,40대,"41,026","9,957","13,113"
2025-12,2638058000,사하구 장림1동,50대,"37,353","14,570","16,826"
2025-12,2638058000,사하구 장림1동,60대,"35,909","11,465","16,800"
2025-12,2638058000,사하구 장림1동,기타,"36,215","2,562","8,399"
2025-12,2638059000,사하구 장림2동,20대,"36,485","5,256","9,501"
2025-12,2638059000,사하구 장림2동,20대미만,"40,747","2,437","9,109"
2025-12,2638059000,사하구 장림2동,30대,"44,650","7,560","13,147"
2025-12,2638059000,사하구 장림2동,40대,"60,057","10,607","14,818"
2025-12,2638059000,사하구 장림2동,50대,"73,302","13,917","18,015"
2025-12,2638059000,사하구 장림2동,60대,"87,499","10,493","19,932"
2025-12,2638059000,사하구 장림2동,기타,"68,782","2,134","12,959"
2025-12,2638060100,사하구 다대1동,20대,"47,569","7,326","9,544"
2025-12,2638060100,사하구 다대1동,20대미만,"70,033","2,171","5,962"
2025-12,2638060100,사하구 다대1동,30대,"52,854","11,332","10,232"
2025-12,2638060100,사하구 다대1동,40대,"91,904","16,486","13,238"
2025-12,2638060100,사하구 다대1동,50대,"123,235","19,638","19,407"
2025-12,2638060100,사하구 다대1동,60대,"135,311","13,440","22,620"
2025-12,2638060100,사하구 다대1동,기타,"128,436","2,415","13,090"
2025-12,2638060200,사하구 다대2동,20대,"37,968","4,580","5,180"
2025-12,2638060200,사하구 다대2동,20대미만,"49,258","2,147","3,973"
2025-12,2638060200,사하구 다대2동,30대,"36,134","4,348","6,954"
2025-12,2638060200,사하구 다대2동,40대,"54,698","8,020","7,868"
2025-12,2638060200,사하구 다대2동,50대,"87,005","10,377","10,827"
2025-12,2638060200,사하구 다대2동,60대,"106,180","7,681","12,390"
2025-12,2638060200,사하구 다대2동,기타,"105,820","1,261","7,071"
2025-12,2638061000,사하구 구평동,20대,"13,940","2,643","3,734"
2025-12,2638061000,사하구 구평동,20대미만,"20,386",380,"1,526"
2025-12,2638061000,사하구 구평동,30대,"30,948","5,679","6,202"
2025-12,2638061000,사하구 구평동,40대,"34,749","8,051","8,426"
2025-12,2638061000,사하구 구평동,50대,"31,992","9,430","10,392"
2025-12,2638061000,사하구 구평동,60대,"34,022","8,216","11,781"
2025-12,2638061000,사하구 구평동,기타,"27,942","1,310","4,247"
2025-12,2638062000,사하구 감천1동,20대,"20,521","2,739","4,272"
2025-12,2638062000,사하구 감천1동,20대미만,"24,183","5,988","6,003"
2025-12,2638062000,사하구 감천1동,30대,"21,170","4,660","6,223"
2025-12,2638062000,사하구 감천1동,40대,"33,064","6,857","8,408"
2025-12,2638062000,사하구 감천1동,50대,"47,819","8,944","12,117"
2025-12,2638062000,사하구 감천1동,60대,"69,537","6,427","12,563"
2025-12,2638062000,사하구 감천1동,기타,"77,919","1,436","8,397"
2025-12,2638063000,사하구 감천2동,20대,"4,194",466,867
2025-12,2638063000,사하구 감천2동,20대미만,"3,008",0,752
2025-12,2638063000,사하구 감천2동,30대,"4,994",673,"1,284"
2025-12,2638063000,사하구 감천2동,40대,"7,033","1,148","1,367"
2025-12,2638063000,사하구 감천2동,50대,"14,868","1,925","2,512"
2025-12,2638063000,사하구 감천2동,60대,"17,418",799,"3,028"
2025-12,2638063000,사하구 감천2동,기타,"24,781",262,"1,313"
2025-12,2641051000,금정구 서1동,20대,"3,991",353,"1,156"
2025-12,2641051000,금정구 서1동,20대미만,"2,526",220,"1,066"
2025-12,2641051000,금정구 서1동,30대,"4,644",707,"1,580"
2025-12,2641051000,금정구 서1동,40대,"7,211",834,"2,440"
2025-12,2641051000,금정구 서1동,50대,"12,371","1,473","4,068"
2025-12,2641051000,금정구 서1동,60대,"19,654","1,514","5,798"
2025-12,2641051000,금정구 서1동,기타,"22,328",923,"3,823"
